"SITC","Landen","Perioden","Invoerwaarde (mln euro)","Uitvoerwaarde (mln euro)","Handelsbalans (mln euro)","Jaarmutatie invoerwaarde (%)","Jaarmutatie uitvoerwaarde (%)"
"Totaal goederen","Totaal landen","2021 mei","40.738","46.097","5.359","33,6","35,8"
"Totaal goederen","Totaal landen","2021 juni","44.033","50.799","6.766","24,9","29,5"
"Totaal goederen","Totaal landen","2021 juli","43.261","48.890","5.629","24,3","21,6"
"Totaal goederen","Totaal landen","2021 augustus","42.955","47.161","4.206","34,6","31,9"
"Totaal goederen","Totaal landen","2021 september","46.421","52.181","5.760","26,3","24,0"
"Totaal goederen","Totaal landen","2021 oktober","47.884","51.337","3.454","29,8","16,8"
"Totaal goederen","Totaal landen","2021 november","52.262","56.529","4.267","39,1","30,5"
"Totaal goederen","Totaal landen","2021 december","51.223","54.753","3.530","35,7","28,4"
"Totaal goederen","Totaal landen","2021","527.055","589.202","62.147","24,4","22,1"
"Totaal goederen","Totaal landen","2022 januari*","46.956","49.541","2.585",".","."
"Totaal goederen","Totaal landen","2022 februari*","45.549","48.928","3.379",".","."
"Totaal goederen","Totaal landen","2022 maart*","56.146","60.342","4.196",".","."
"Totaal goederen","Totaal landen","2022 april*","53.801","57.119","3.318",".","."
"Totaal goederen","EU (exclusief Nederland)","2021 mei","19.898","29.995","10.097","35,3","38,3"
"Totaal goederen","EU (exclusief Nederland)","2021 juni","21.740","32.431","10.691","25,2","31,0"
"Totaal goederen","EU (exclusief Nederland)","2021 juli","20.925","31.732","10.807","20,8","28,8"
"Totaal goederen","EU (exclusief Nederland)","2021 augustus","19.155","30.065","10.910","24,2","31,2"
"Totaal goederen","EU (exclusief Nederland)","2021 september","22.463","34.375","11.912","24,0","29,1"
"Totaal goederen","EU (exclusief Nederland)","2021 oktober","22.543","35.455","12.912","22,9","27,8"
"Totaal goederen","EU (exclusief Nederland)","2021 november","24.122","37.174","13.052","28,7","36,9"
"Totaal goederen","EU (exclusief Nederland)","2021 december","24.056","36.035","11.979","28,3","40,1"
"Totaal goederen","EU (exclusief Nederland)","2021","253.026","384.878","131.852",".","."
"Totaal goederen","EU (exclusief Nederland)","2022 januari*","22.320","34.125","11.805",".","."
"Totaal goederen","EU (exclusief Nederland)","2022 februari*","22.546","32.984","10.438",".","."
"Totaal goederen","EU (exclusief Nederland)","2022 maart*","26.269","41.165","14.896",".","."
"Totaal goederen","EU (exclusief Nederland)","2022 april*","24.447","39.051","14.605",".","."
"Totaal goederen","Niet-EU","2021 mei","20.840","16.102","-4.738","32,1","31,4"
"Totaal goederen","Niet-EU","2021 juni","22.293","18.368","-3.925","24,6","27,0"
"Totaal goederen","Niet-EU","2021 juli","22.336","17.158","-5.178","27,8","10,2"
"Totaal goederen","Niet-EU","2021 augustus","23.800","17.096","-6.703","44,3","33,2"
"Totaal goederen","Niet-EU","2021 september","23.958","17.806","-6.152","28,6","15,3"
"Totaal goederen","Niet-EU","2021 oktober","25.341","15.882","-9.459","36,6","-2,1"
"Totaal goederen","Niet-EU","2021 november","28.140","19.355","-8.785","49,5","19,7"
"Totaal goederen","Niet-EU","2021 december","27.167","18.717","-8.450","43,0","10,5"
"Totaal goederen","Niet-EU","2021","274.029","204.324","-69.705",".","."
"Totaal goederen","Niet-EU","2022 januari*","24.636","15.416","-9.220",".","."
"Totaal goederen","Niet-EU","2022 februari*","23.003","15.944","-7.058",".","."
"Totaal goederen","Niet-EU","2022 maart*","29.877","19.177","-10.700",".","."
"Totaal goederen","Niet-EU","2022 april*","29.354","18.067","-11.287",".","."
"00 Levende dieren, m.u.v. dieren bedo...","Totaal landen","2021 mei","94","151","57","12,8","12,0"
"00 Levende dieren, m.u.v. dieren bedo...","Totaal landen","2021 juni","110","152","42","22,1","2,7"
"00 Levende dieren, m.u.v. dieren bedo...","Totaal landen","2021 juli","110","154","45","8,6","17,9"
"00 Levende dieren, m.u.v. dieren bedo...","Totaal landen","2021 augustus","109","145","35","24,2","13,5"
"00 Levende dieren, m.u.v. dieren bedo...","Totaal landen","2021 september","115","148","33","18,0","6,3"
"00 Levende dieren, m.u.v. dieren bedo...","Totaal landen","2021 oktober","105","137","32","14,2","4,9"
"00 Levende dieren, m.u.v. dieren bedo...","Totaal landen","2021 november","109","142","33","40,4","5,2"
"00 Levende dieren, m.u.v. dieren bedo...","Totaal landen","2021 december","112","163","51","20,3","18,1"
"00 Levende dieren, m.u.v. dieren bedo...","Totaal landen","2021","1.212","1.768","556","7,1","-0,2"
"00 Levende dieren, m.u.v. dieren bedo...","Totaal landen","2022 januari*","104","149","45",".","."
"00 Levende dieren, m.u.v. dieren bedo...","Totaal landen","2022 februari*","102","140","37",".","."
"00 Levende dieren, m.u.v. dieren bedo...","Totaal landen","2022 maart*","132","151","19",".","."
"00 Levende dieren, m.u.v. dieren bedo...","Totaal landen","2022 april*","128","173","45",".","."
"00 Levende dieren, m.u.v. dieren bedo...","EU (exclusief Nederland)","2021 mei","89","118","29","9,3","3,9"
"00 Levende dieren, m.u.v. dieren bedo...","EU (exclusief Nederland)","2021 juni","102","125","23","16,1","0,7"
"00 Levende dieren, m.u.v. dieren bedo...","EU (exclusief Nederland)","2021 juli","102","114","12","7,0","11,2"
"00 Levende dieren, m.u.v. dieren bedo...","EU (exclusief Nederland)","2021 augustus","102","109","7","19,8","11,3"
"00 Levende dieren, m.u.v. dieren bedo...","EU (exclusief Nederland)","2021 september","108","108","0","15,4","5,5"
"00 Levende dieren, m.u.v. dieren bedo...","EU (exclusief Nederland)","2021 oktober","99","94","-5","9,8","2,1"
"00 Levende dieren, m.u.v. dieren bedo...","EU (exclusief Nederland)","2021 november","102","102","0","35,8","15,8"
"00 Levende dieren, m.u.v. dieren bedo...","EU (exclusief Nederland)","2021 december","105","112","7","20,3","11,7"
"00 Levende dieren, m.u.v. dieren bedo...","EU (exclusief Nederland)","2021","1.134","1.332","198",".","."
"00 Levende dieren, m.u.v. dieren bedo...","EU (exclusief Nederland)","2022 januari*","98","101","2",".","."
"00 Levende dieren, m.u.v. dieren bedo...","EU (exclusief Nederland)","2022 februari*","96","99","3",".","."
"00 Levende dieren, m.u.v. dieren bedo...","EU (exclusief Nederland)","2022 maart*","125","120","-5",".","."
"00 Levende dieren, m.u.v. dieren bedo...","EU (exclusief Nederland)","2022 april*","122","136","15",".","."
"00 Levende dieren, m.u.v. dieren bedo...","Niet-EU","2021 mei","5","32","28","200,8","56,8"
"00 Levende dieren, m.u.v. dieren bedo...","Niet-EU","2021 juni","8","28","19","247,2","12,6"
"00 Levende dieren, m.u.v. dieren bedo...","Niet-EU","2021 juli","8","41","33","33,5","41,9"
"00 Levende dieren, m.u.v. dieren bedo...","Niet-EU","2021 augustus","7","36","29","163,9","21,0"
"00 Levende dieren, m.u.v. dieren bedo...","Niet-EU","2021 september","7","39","32","79,2","8,7"
"00 Levende dieren, m.u.v. dieren bedo...","Niet-EU","2021 oktober","6","43","36","217,6","11,7"
"00 Levende dieren, m.u.v. dieren bedo...","Niet-EU","2021 november","7","40","32","167,4","-14,8"
"00 Levende dieren, m.u.v. dieren bedo...","Niet-EU","2021 december","7","52","44","19,7","34,5"
"00 Levende dieren, m.u.v. dieren bedo...","Niet-EU","2021","78","436","358",".","."
"00 Levende dieren, m.u.v. dieren bedo...","Niet-EU","2022 januari*","6","48","42",".","."
"00 Levende dieren, m.u.v. dieren bedo...","Niet-EU","2022 februari*","6","40","34",".","."
"00 Levende dieren, m.u.v. dieren bedo...","Niet-EU","2022 maart*","7","31","24",".","."
"00 Levende dieren, m.u.v. dieren bedo...","Niet-EU","2022 april*","6","36","30",".","."
"01 Vlees en vleesproducten","Totaal landen","2021 mei","370","841","471","14,3","22,3"
"01 Vlees en vleesproducten","Totaal landen","2021 juni","441","902","461","23,8","27,0"
"01 Vlees en vleesproducten","Totaal landen","2021 juli","403","881","477","1,3","12,6"
"01 Vlees en vleesproducten","Totaal landen","2021 augustus","399","861","462","16,1","22,5"
"01 Vlees en vleesproducten","Totaal landen","2021 september","419","911","492","13,2","11,8"
"01 Vlees en vleesproducten","Totaal landen","2021 oktober","465","872","407","6,9","1,4"
"01 Vlees en vleesproducten","Totaal landen","2021 november","495","967","472","38,8","29,9"
"01 Vlees en vleesproducten","Totaal landen","2021 december","432","935","504","16,7","16,8"
"01 Vlees en vleesproducten","Totaal landen","2021","4.852","10.305","5.453","7,7","10,6"
"01 Vlees en vleesproducten","Totaal landen","2022 januari*","448","790","342",".","."
"01 Vlees en vleesproducten","Totaal landen","2022 februari*","417","818","402",".","."
"01 Vlees en vleesproducten","Totaal landen","2022 maart*","519","1.039","520",".","."
"01 Vlees en vleesproducten","Totaal landen","2022 april*","573","1.019","446",".","."
"01 Vlees en vleesproducten","EU (exclusief Nederland)","2021 mei","269","531","262","16,1","25,4"
"01 Vlees en vleesproducten","EU (exclusief Nederland)","2021 juni","304","618","314","21,9","31,3"
"01 Vlees en vleesproducten","EU (exclusief Nederland)","2021 juli","283","608","326","3,1","13,0"
"01 Vlees en vleesproducten","EU (exclusief Nederland)","2021 augustus","286","596","309","14,8","22,5"
"01 Vlees en vleesproducten","EU (exclusief Nederland)","2021 september","308","635","327","16,7","22,5"
"01 Vlees en vleesproducten","EU (exclusief Nederland)","2021 oktober","314","633","320","7,8","18,3"
"01 Vlees en vleesproducten","EU (exclusief Nederland)","2021 november","341","673","332","31,4","57,9"
"01 Vlees en vleesproducten","EU (exclusief Nederland)","2021 december","325","667","343","16,1","37,3"
"01 Vlees en vleesproducten","EU (exclusief Nederland)","2021","3.493","6.935","3.442",".","."
"01 Vlees en vleesproducten","EU (exclusief Nederland)","2022 januari*","298","551","253",".","."
"01 Vlees en vleesproducten","EU (exclusief Nederland)","2022 februari*","325","572","247",".","."
"01 Vlees en vleesproducten","EU (exclusief Nederland)","2022 maart*","395","726","331",".","."
"01 Vlees en vleesproducten","EU (exclusief Nederland)","2022 april*","387","741","353",".","."
"01 Vlees en vleesproducten","Niet-EU","2021 mei","101","310","209","9,8","17,4"
"01 Vlees en vleesproducten","Niet-EU","2021 juni","136","283","147","28,0","18,7"
"01 Vlees en vleesproducten","Niet-EU","2021 juli","121","272","152","-2,7","11,7"
"01 Vlees en vleesproducten","Niet-EU","2021 augustus","113","265","152","19,5","22,6"
"01 Vlees en vleesproducten","Niet-EU","2021 september","111","276","165","4,6","-6,9"
"01 Vlees en vleesproducten","Niet-EU","2021 oktober","152","238","87","5,2","-26,5"
"01 Vlees en vleesproducten","Niet-EU","2021 november","154","294","140","58,6","-7,6"
"01 Vlees en vleesproducten","Niet-EU","2021 december","107","268","161","18,7","-14,9"
"01 Vlees en vleesproducten","Niet-EU","2021","1.360","3.370","2.011",".","."
"01 Vlees en vleesproducten","Niet-EU","2022 januari*","149","238","89",".","."
"01 Vlees en vleesproducten","Niet-EU","2022 februari*","91","246","155",".","."
"01 Vlees en vleesproducten","Niet-EU","2022 maart*","124","312","189",".","."
"01 Vlees en vleesproducten","Niet-EU","2022 april*","185","278","93",".","."
"02 Zuivelproducten en eieren","Totaal landen","2021 mei","390","744","354","9,0","6,9"
"02 Zuivelproducten en eieren","Totaal landen","2021 juni","437","783","346","17,6","10,7"
"02 Zuivelproducten en eieren","Totaal landen","2021 juli","399","794","395","8,5","8,1"
"02 Zuivelproducten en eieren","Totaal landen","2021 augustus","350","745","395","10,4","13,3"
"02 Zuivelproducten en eieren","Totaal landen","2021 september","368","790","423","10,8","12,3"
"02 Zuivelproducten en eieren","Totaal landen","2021 oktober","387","757","369","15,4","6,2"
"02 Zuivelproducten en eieren","Totaal landen","2021 november","402","852","450","28,0","17,2"
"02 Zuivelproducten en eieren","Totaal landen","2021 december","441","888","447","27,6","20,0"
"02 Zuivelproducten en eieren","Totaal landen","2021","4.531","9.326","4.795","9,6","7,6"
"02 Zuivelproducten en eieren","Totaal landen","2022 januari*","396","806","409",".","."
"02 Zuivelproducten en eieren","Totaal landen","2022 februari*","410","836","426",".","."
"02 Zuivelproducten en eieren","Totaal landen","2022 maart*","518","987","469",".","."
"02 Zuivelproducten en eieren","Totaal landen","2022 april*","504","961","457",".","."
"02 Zuivelproducten en eieren","EU (exclusief Nederland)","2021 mei","371","512","141","10,7","9,3"
"02 Zuivelproducten en eieren","EU (exclusief Nederland)","2021 juni","418","552","134","19,3","12,4"
"02 Zuivelproducten en eieren","EU (exclusief Nederland)","2021 juli","379","556","177","9,2","9,9"
"02 Zuivelproducten en eieren","EU (exclusief Nederland)","2021 augustus","333","526","194","9,8","12,9"
"02 Zuivelproducten en eieren","EU (exclusief Nederland)","2021 september","350","558","208","11,2","14,3"
"02 Zuivelproducten en eieren","EU (exclusief Nederland)","2021 oktober","368","563","195","15,8","10,6"
"02 Zuivelproducten en eieren","EU (exclusief Nederland)","2021 november","383","623","240","28,6","18,7"
"02 Zuivelproducten en eieren","EU (exclusief Nederland)","2021 december","422","662","240","31,3","23,9"
"02 Zuivelproducten en eieren","EU (exclusief Nederland)","2021","4.327","6.665","2.337",".","."
"02 Zuivelproducten en eieren","EU (exclusief Nederland)","2022 januari*","381","588","208",".","."
"02 Zuivelproducten en eieren","EU (exclusief Nederland)","2022 februari*","390","602","213",".","."
"02 Zuivelproducten en eieren","EU (exclusief Nederland)","2022 maart*","490","712","222",".","."
"02 Zuivelproducten en eieren","EU (exclusief Nederland)","2022 april*","478","708","231",".","."
"02 Zuivelproducten en eieren","Niet-EU","2021 mei","19","232","213","-15,5","2,2"
"02 Zuivelproducten en eieren","Niet-EU","2021 juni","19","231","212","-10,0","6,8"
"02 Zuivelproducten en eieren","Niet-EU","2021 juli","21","239","218","-3,0","4,3"
"02 Zuivelproducten en eieren","Niet-EU","2021 augustus","17","218","201","23,5","14,3"
"02 Zuivelproducten en eieren","Niet-EU","2021 september","18","232","214","3,8","7,9"
"02 Zuivelproducten en eieren","Niet-EU","2021 oktober","19","194","175","7,5","-4,9"
"02 Zuivelproducten en eieren","Niet-EU","2021 november","19","229","210","17,8","13,3"
"02 Zuivelproducten en eieren","Niet-EU","2021 december","19","226","207","-22,0","9,8"
"02 Zuivelproducten en eieren","Niet-EU","2021","203","2.661","2.458",".","."
"02 Zuivelproducten en eieren","Niet-EU","2022 januari*","15","217","202",".","."
"02 Zuivelproducten en eieren","Niet-EU","2022 februari*","20","233","213",".","."
"02 Zuivelproducten en eieren","Niet-EU","2022 maart*","27","275","248",".","."
"02 Zuivelproducten en eieren","Niet-EU","2022 april*","27","252","226",".","."
"03 Vis, schaal- en weekdieren en bere...","Totaal landen","2021 mei","232","323","91","9,5","19,1"
"03 Vis, schaal- en weekdieren en bere...","Totaal landen","2021 juni","263","362","99","11,9","18,4"
"03 Vis, schaal- en weekdieren en bere...","Totaal landen","2021 juli","273","390","117","13,7","17,3"
"03 Vis, schaal- en weekdieren en bere...","Totaal landen","2021 augustus","266","384","118","18,3","20,7"
"03 Vis, schaal- en weekdieren en bere...","Totaal landen","2021 september","303","394","91","10,5","17,1"
"03 Vis, schaal- en weekdieren en bere...","Totaal landen","2021 oktober","248","381","133","-9,2","8,6"
"03 Vis, schaal- en weekdieren en bere...","Totaal landen","2021 november","303","391","88","10,6","27,4"
"03 Vis, schaal- en weekdieren en bere...","Totaal landen","2021 december","307","447","140","14,3","23,3"
"03 Vis, schaal- en weekdieren en bere...","Totaal landen","2021","3.171","4.378","1.208","7,8","12,8"
"03 Vis, schaal- en weekdieren en bere...","Totaal landen","2022 januari*","292","354","62",".","."
"03 Vis, schaal- en weekdieren en bere...","Totaal landen","2022 februari*","247","368","121",".","."
"03 Vis, schaal- en weekdieren en bere...","Totaal landen","2022 maart*","323","448","125",".","."
"03 Vis, schaal- en weekdieren en bere...","Totaal landen","2022 april*","258","451","192",".","."
"03 Vis, schaal- en weekdieren en bere...","EU (exclusief Nederland)","2021 mei","94","252","159","8,6","25,1"
"03 Vis, schaal- en weekdieren en bere...","EU (exclusief Nederland)","2021 juni","115","283","169","20,1","27,9"
"03 Vis, schaal- en weekdieren en bere...","EU (exclusief Nederland)","2021 juli","113","313","201","11,8","22,4"
"03 Vis, schaal- en weekdieren en bere...","EU (exclusief Nederland)","2021 augustus","127","308","181","47,8","25,7"
"03 Vis, schaal- en weekdieren en bere...","EU (exclusief Nederland)","2021 september","127","301","175","24,4","19,3"
"03 Vis, schaal- en weekdieren en bere...","EU (exclusief Nederland)","2021 oktober","114","305","191","8,5","20,1"
"03 Vis, schaal- en weekdieren en bere...","EU (exclusief Nederland)","2021 november","130","300","170","23,2","35,0"
"03 Vis, schaal- en weekdieren en bere...","EU (exclusief Nederland)","2021 december","151","353","202","23,5","31,3"
"03 Vis, schaal- en weekdieren en bere...","EU (exclusief Nederland)","2021","1.352","3.381","2.030",".","."
"03 Vis, schaal- en weekdieren en bere...","EU (exclusief Nederland)","2022 januari*","108","264","155",".","."
"03 Vis, schaal- en weekdieren en bere...","EU (exclusief Nederland)","2022 februari*","98","282","184",".","."
"03 Vis, schaal- en weekdieren en bere...","EU (exclusief Nederland)","2022 maart*","135","342","207",".","."
"03 Vis, schaal- en weekdieren en bere...","EU (exclusief Nederland)","2022 april*","106","352","247",".","."
"03 Vis, schaal- en weekdieren en bere...","Niet-EU","2021 mei","139","71","-68","10,1","1,7"
"03 Vis, schaal- en weekdieren en bere...","Niet-EU","2021 juni","148","79","-69","6,2","-6,6"
"03 Vis, schaal- en weekdieren en bere...","Niet-EU","2021 juli","160","77","-84","15,1","0,5"
"03 Vis, schaal- en weekdieren en bere...","Niet-EU","2021 augustus","139","75","-64","0,1","3,8"
"03 Vis, schaal- en weekdieren en bere...","Niet-EU","2021 september","177","92","-84","2,2","10,3"
"03 Vis, schaal- en weekdieren en bere...","Niet-EU","2021 oktober","134","76","-58","-20,2","-21,4"
"03 Vis, schaal- en weekdieren en bere...","Niet-EU","2021 november","173","91","-82","2,6","7,4"
"03 Vis, schaal- en weekdieren en bere...","Niet-EU","2021 december","155","94","-61","6,5","0,3"
"03 Vis, schaal- en weekdieren en bere...","Niet-EU","2021","1.819","997","-822",".","."
"03 Vis, schaal- en weekdieren en bere...","Niet-EU","2022 januari*","184","90","-94",".","."
"03 Vis, schaal- en weekdieren en bere...","Niet-EU","2022 februari*","149","86","-62",".","."
"03 Vis, schaal- en weekdieren en bere...","Niet-EU","2022 maart*","187","105","-82",".","."
"03 Vis, schaal- en weekdieren en bere...","Niet-EU","2022 april*","153","99","-54",".","."
"04 Granen en graanproducten","Totaal landen","2021 mei","516","257","-259","29,5","19,7"
"04 Granen en graanproducten","Totaal landen","2021 juni","470","303","-168","16,6","30,0"
"04 Granen en graanproducten","Totaal landen","2021 juli","499","286","-212","15,3","9,4"
"04 Granen en graanproducten","Totaal landen","2021 augustus","500","278","-223","24,5","19,8"
"04 Granen en graanproducten","Totaal landen","2021 september","478","293","-186","18,0","7,5"
"04 Granen en graanproducten","Totaal landen","2021 oktober","453","286","-167","8,9","2,6"
"04 Granen en graanproducten","Totaal landen","2021 november","535","308","-227","22,7","11,2"
"04 Granen en graanproducten","Totaal landen","2021 december","619","298","-321","36,2","12,1"
"04 Granen en graanproducten","Totaal landen","2021","5.942","3.365","-2.578","17,6","11,0"
"04 Granen en graanproducten","Totaal landen","2022 januari*","541","266","-274",".","."
"04 Granen en graanproducten","Totaal landen","2022 februari*","545","281","-264",".","."
"04 Granen en graanproducten","Totaal landen","2022 maart*","619","347","-273",".","."
"04 Granen en graanproducten","Totaal landen","2022 april*","632","300","-331",".","."
"04 Granen en graanproducten","EU (exclusief Nederland)","2021 mei","401","192","-210","44,9","19,5"
"04 Granen en graanproducten","EU (exclusief Nederland)","2021 juni","378","231","-147","31,6","34,7"
"04 Granen en graanproducten","EU (exclusief Nederland)","2021 juli","361","211","-150","1,8","9,4"
"04 Granen en graanproducten","EU (exclusief Nederland)","2021 augustus","348","209","-139","11,2","21,6"
"04 Granen en graanproducten","EU (exclusief Nederland)","2021 september","405","217","-188","24,6","10,1"
"04 Granen en graanproducten","EU (exclusief Nederland)","2021 oktober","399","219","-180","21,1","6,7"
"04 Granen en graanproducten","EU (exclusief Nederland)","2021 november","450","223","-227","35,7","12,4"
"04 Granen en graanproducten","EU (exclusief Nederland)","2021 december","484","220","-265","39,9","13,7"
"04 Granen en graanproducten","EU (exclusief Nederland)","2021","4.694","2.506","-2.188",".","."
"04 Granen en graanproducten","EU (exclusief Nederland)","2022 januari*","379","199","-180",".","."
"04 Granen en graanproducten","EU (exclusief Nederland)","2022 februari*","389","210","-180",".","."
"04 Granen en graanproducten","EU (exclusief Nederland)","2022 maart*","504","258","-245",".","."
"04 Granen en graanproducten","EU (exclusief Nederland)","2022 april*","528","216","-313",".","."
"04 Granen en graanproducten","Niet-EU","2021 mei","115","65","-50","-5,7","20,5"
"04 Granen en graanproducten","Niet-EU","2021 juni","92","72","-21","-20,5","16,9"
"04 Granen en graanproducten","Niet-EU","2021 juli","138","75","-63","76,4","9,5"
"04 Granen en graanproducten","Niet-EU","2021 augustus","153","69","-84","71,4","14,5"
"04 Granen en graanproducten","Niet-EU","2021 september","73","75","2","-8,9","0,5"
"04 Granen en graanproducten","Niet-EU","2021 oktober","54","67","13","-37,6","-8,9"
"04 Granen en graanproducten","Niet-EU","2021 november","85","85","0","-18,6","8,3"
"04 Granen en graanproducten","Niet-EU","2021 december","135","78","-56","24,3","7,8"
"04 Granen en graanproducten","Niet-EU","2021","1.249","859","-390",".","."
"04 Granen en graanproducten","Niet-EU","2022 januari*","162","67","-95",".","."
"04 Granen en graanproducten","Niet-EU","2022 februari*","156","72","-84",".","."
"04 Granen en graanproducten","Niet-EU","2022 maart*","116","88","-27",".","."
"04 Granen en graanproducten","Niet-EU","2022 april*","103","85","-19",".","."
"05 Groenten en fruit","Totaal landen","2021 mei","1.073","1.733","660","0,6","2,9"
"05 Groenten en fruit","Totaal landen","2021 juni","1.061","1.779","718","0,7","9,8"
"05 Groenten en fruit","Totaal landen","2021 juli","979","1.659","680","1,6","4,6"
"05 Groenten en fruit","Totaal landen","2021 augustus","926","1.610","684","13,1","8,3"
"05 Groenten en fruit","Totaal landen","2021 september","989","1.685","696","4,5","5,3"
"05 Groenten en fruit","Totaal landen","2021 oktober","987","1.619","632","0,2","1,0"
"05 Groenten en fruit","Totaal landen","2021 november","1.093","1.640","547","8,6","13,5"
"05 Groenten en fruit","Totaal landen","2021 december","1.177","1.666","488","11,8","10,8"
"05 Groenten en fruit","Totaal landen","2021","12.820","19.990","7.170","2,5","4,9"
"05 Groenten en fruit","Totaal landen","2022 januari*","1.101","1.514","413",".","."
"05 Groenten en fruit","Totaal landen","2022 februari*","1.078","1.518","440",".","."
"05 Groenten en fruit","Totaal landen","2022 maart*","1.349","1.789","440",".","."
"05 Groenten en fruit","Totaal landen","2022 april*","1.236","1.931","695",".","."
"05 Groenten en fruit","EU (exclusief Nederland)","2021 mei","453","1.417","964","1,1","7,0"
"05 Groenten en fruit","EU (exclusief Nederland)","2021 juni","476","1.406","930","8,5","10,6"
"05 Groenten en fruit","EU (exclusief Nederland)","2021 juli","430","1.294","864","4,2","5,9"
"05 Groenten en fruit","EU (exclusief Nederland)","2021 augustus","406","1.222","816","8,3","8,3"
"05 Groenten en fruit","EU (exclusief Nederland)","2021 september","433","1.261","828","8,0","5,5"
"05 Groenten en fruit","EU (exclusief Nederland)","2021 oktober","452","1.220","768","3,8","6,1"
"05 Groenten en fruit","EU (exclusief Nederland)","2021 november","500","1.207","707","11,7","20,5"
"05 Groenten en fruit","EU (exclusief Nederland)","2021 december","549","1.284","734","12,0","15,9"
"05 Groenten en fruit","EU (exclusief Nederland)","2021","5.657","15.599","9.942",".","."
"05 Groenten en fruit","EU (exclusief Nederland)","2022 januari*","489","1.191","702",".","."
"05 Groenten en fruit","EU (exclusief Nederland)","2022 februari*","516","1.191","675",".","."
"05 Groenten en fruit","EU (exclusief Nederland)","2022 maart*","574","1.406","833",".","."
"05 Groenten en fruit","EU (exclusief Nederland)","2022 april*","541","1.520","979",".","."
"05 Groenten en fruit","Niet-EU","2021 mei","620","316","-304","0,3","-12,3"
"05 Groenten en fruit","Niet-EU","2021 juni","585","372","-213","-5,0","6,9"
"05 Groenten en fruit","Niet-EU","2021 juli","549","364","-184","-0,3","0,1"
"05 Groenten en fruit","Niet-EU","2021 augustus","520","389","-132","17,1","8,2"
"05 Groenten en fruit","Niet-EU","2021 september","556","424","-132","1,9","4,7"
"05 Groenten en fruit","Niet-EU","2021 oktober","535","400","-136","-2,6","-12,0"
"05 Groenten en fruit","Niet-EU","2021 november","593","432","-160","6,0","-2,3"
"05 Groenten en fruit","Niet-EU","2021 december","628","382","-246","11,7","-3,7"
"05 Groenten en fruit","Niet-EU","2021","7.163","4.391","-2.772",".","."
"05 Groenten en fruit","Niet-EU","2022 januari*","612","322","-289",".","."
"05 Groenten en fruit","Niet-EU","2022 februari*","562","327","-234",".","."
"05 Groenten en fruit","Niet-EU","2022 maart*","775","382","-393",".","."
"05 Groenten en fruit","Niet-EU","2022 april*","696","411","-285",".","."
"06 Suiker en suikerwerken, honing","Totaal landen","2021 mei","79","135","56","14,6","16,1"
"06 Suiker en suikerwerken, honing","Totaal landen","2021 juni","87","153","66","12,7","16,2"
"06 Suiker en suikerwerken, honing","Totaal landen","2021 juli","81","145","64","2,1","14,1"
"06 Suiker en suikerwerken, honing","Totaal landen","2021 augustus","87","135","48","22,3","13,9"
"06 Suiker en suikerwerken, honing","Totaal landen","2021 september","89","150","61","11,4","5,0"
"06 Suiker en suikerwerken, honing","Totaal landen","2021 oktober","89","145","57","-5,8","5,7"
"06 Suiker en suikerwerken, honing","Totaal landen","2021 november","99","160","61","20,0","19,8"
"06 Suiker en suikerwerken, honing","Totaal landen","2021 december","92","157","65","15,4","28,0"
"06 Suiker en suikerwerken, honing","Totaal landen","2021","1.019","1.720","701","7,2","13,0"
"06 Suiker en suikerwerken, honing","Totaal landen","2022 januari*","82","135","53",".","."
"06 Suiker en suikerwerken, honing","Totaal landen","2022 februari*","87","134","47",".","."
"06 Suiker en suikerwerken, honing","Totaal landen","2022 maart*","108","162","54",".","."
"06 Suiker en suikerwerken, honing","Totaal landen","2022 april*","98","144","45",".","."
"06 Suiker en suikerwerken, honing","EU (exclusief Nederland)","2021 mei","65","99","35","20,5","32,1"
"06 Suiker en suikerwerken, honing","EU (exclusief Nederland)","2021 juni","73","112","39","18,8","29,5"
"06 Suiker en suikerwerken, honing","EU (exclusief Nederland)","2021 juli","67","103","36","1,8","21,2"
"06 Suiker en suikerwerken, honing","EU (exclusief Nederland)","2021 augustus","68","98","30","12,0","20,7"
"06 Suiker en suikerwerken, honing","EU (exclusief Nederland)","2021 september","72","110","38","14,6","8,9"
"06 Suiker en suikerwerken, honing","EU (exclusief Nederland)","2021 oktober","74","110","36","1,9","17,4"
"06 Suiker en suikerwerken, honing","EU (exclusief Nederland)","2021 november","75","117","43","11,0","38,5"
"06 Suiker en suikerwerken, honing","EU (exclusief Nederland)","2021 december","74","111","38","14,5","42,4"
"06 Suiker en suikerwerken, honing","EU (exclusief Nederland)","2021","821","1.246","425",".","."
"06 Suiker en suikerwerken, honing","EU (exclusief Nederland)","2022 januari*","62","91","29",".","."
"06 Suiker en suikerwerken, honing","EU (exclusief Nederland)","2022 februari*","71","92","21",".","."
"06 Suiker en suikerwerken, honing","EU (exclusief Nederland)","2022 maart*","88","113","25",".","."
"06 Suiker en suikerwerken, honing","EU (exclusief Nederland)","2022 april*","78","103","25",".","."
"06 Suiker en suikerwerken, honing","Niet-EU","2021 mei","14","36","21","-6,3","-13,2"
"06 Suiker en suikerwerken, honing","Niet-EU","2021 juni","14","41","27","-11,7","-9,4"
"06 Suiker en suikerwerken, honing","Niet-EU","2021 juli","14","42","28","3,4","0,0"
"06 Suiker en suikerwerken, honing","Niet-EU","2021 augustus","19","37","19","84,6","-0,8"
"06 Suiker en suikerwerken, honing","Niet-EU","2021 september","17","40","23","-0,2","-4,2"
"06 Suiker en suikerwerken, honing","Niet-EU","2021 oktober","15","36","21","-31,5","-19,2"
"06 Suiker en suikerwerken, honing","Niet-EU","2021 november","25","42","18","58,7","-12,9"
"06 Suiker en suikerwerken, honing","Niet-EU","2021 december","18","45","27","19,0","2,7"
"06 Suiker en suikerwerken, honing","Niet-EU","2021","198","474","276",".","."
"06 Suiker en suikerwerken, honing","Niet-EU","2022 januari*","20","44","24",".","."
"06 Suiker en suikerwerken, honing","Niet-EU","2022 februari*","16","42","26",".","."
"06 Suiker en suikerwerken, honing","Niet-EU","2022 maart*","20","49","29",".","."
"06 Suiker en suikerwerken, honing","Niet-EU","2022 april*","20","41","21",".","."
"07 Koffie, thee, cacao, specerijen en...","Totaal landen","2021 mei","432","479","47","11,2","20,0"
"07 Koffie, thee, cacao, specerijen en...","Totaal landen","2021 juni","473","605","132","19,0","40,1"
"07 Koffie, thee, cacao, specerijen en...","Totaal landen","2021 juli","498","518","20","14,0","8,2"
"07 Koffie, thee, cacao, specerijen en...","Totaal landen","2021 augustus","469","575","106","21,1","21,1"
"07 Koffie, thee, cacao, specerijen en...","Totaal landen","2021 september","509","572","63","6,8","-1,0"
"07 Koffie, thee, cacao, specerijen en...","Totaal landen","2021 oktober","528","568","40","10,7","-1,9"
"07 Koffie, thee, cacao, specerijen en...","Totaal landen","2021 november","535","649","113","20,4","20,6"
"07 Koffie, thee, cacao, specerijen en...","Totaal landen","2021 december","487","574","87","2,0","18,9"
"07 Koffie, thee, cacao, specerijen en...","Totaal landen","2021","5.828","6.622","793","7,0","11,2"
"07 Koffie, thee, cacao, specerijen en...","Totaal landen","2022 januari*","501","535","34",".","."
"07 Koffie, thee, cacao, specerijen en...","Totaal landen","2022 februari*","508","581","73",".","."
"07 Koffie, thee, cacao, specerijen en...","Totaal landen","2022 maart*","552","600","48",".","."
"07 Koffie, thee, cacao, specerijen en...","Totaal landen","2022 april*","498","528","29",".","."
"07 Koffie, thee, cacao, specerijen en...","EU (exclusief Nederland)","2021 mei","185","327","141","21,0","22,9"
"07 Koffie, thee, cacao, specerijen en...","EU (exclusief Nederland)","2021 juni","208","428","220","26,3","48,5"
"07 Koffie, thee, cacao, specerijen en...","EU (exclusief Nederland)","2021 juli","211","326","115","11,9","4,2"
"07 Koffie, thee, cacao, specerijen en...","EU (exclusief Nederland)","2021 augustus","206","377","170","6,6","20,0"
"07 Koffie, thee, cacao, specerijen en...","EU (exclusief Nederland)","2021 september","241","360","119","6,2","-6,4"
"07 Koffie, thee, cacao, specerijen en...","EU (exclusief Nederland)","2021 oktober","241","381","140","12,3","0,5"
"07 Koffie, thee, cacao, specerijen en...","EU (exclusief Nederland)","2021 november","236","424","187","17,0","18,7"
"07 Koffie, thee, cacao, specerijen en...","EU (exclusief Nederland)","2021 december","232","396","164","14,0","24,4"
"07 Koffie, thee, cacao, specerijen en...","EU (exclusief Nederland)","2021","2.547","4.459","1.913",".","."
"07 Koffie, thee, cacao, specerijen en...","EU (exclusief Nederland)","2022 januari*","231","378","147",".","."
"07 Koffie, thee, cacao, specerijen en...","EU (exclusief Nederland)","2022 februari*","237","413","176",".","."
"07 Koffie, thee, cacao, specerijen en...","EU (exclusief Nederland)","2022 maart*","257","417","160",".","."
"07 Koffie, thee, cacao, specerijen en...","EU (exclusief Nederland)","2022 april*","220","364","144",".","."
"07 Koffie, thee, cacao, specerijen en...","Niet-EU","2021 mei","247","152","-94","4,8","14,1"
"07 Koffie, thee, cacao, specerijen en...","Niet-EU","2021 juni","264","177","-87","13,8","23,3"
"07 Koffie, thee, cacao, specerijen en...","Niet-EU","2021 juli","287","192","-95","15,7","15,6"
"07 Koffie, thee, cacao, specerijen en...","Niet-EU","2021 augustus","262","198","-64","35,6","23,2"
"07 Koffie, thee, cacao, specerijen en...","Niet-EU","2021 september","268","212","-56","7,3","9,7"
"07 Koffie, thee, cacao, specerijen en...","Niet-EU","2021 oktober","287","187","-100","9,4","-6,5"
"07 Koffie, thee, cacao, specerijen en...","Niet-EU","2021 november","299","225","-74","23,3","24,4"
"07 Koffie, thee, cacao, specerijen en...","Niet-EU","2021 december","255","178","-77","-7,0","8,3"
"07 Koffie, thee, cacao, specerijen en...","Niet-EU","2021","3.282","2.162","-1.119",".","."
"07 Koffie, thee, cacao, specerijen en...","Niet-EU","2022 januari*","270","157","-113",".","."
"07 Koffie, thee, cacao, specerijen en...","Niet-EU","2022 februari*","271","168","-103",".","."
"07 Koffie, thee, cacao, specerijen en...","Niet-EU","2022 maart*","295","184","-112",".","."
"07 Koffie, thee, cacao, specerijen en...","Niet-EU","2022 april*","279","164","-115",".","."
"08 Veevoeder (m.u.v. niet gemalen gra...","Totaal landen","2021 mei","289","453","164","4,9","13,3"
"08 Veevoeder (m.u.v. niet gemalen gra...","Totaal landen","2021 juni","298","463","165","4,9","12,3"
"08 Veevoeder (m.u.v. niet gemalen gra...","Totaal landen","2021 juli","277","439","162","8,8","-0,4"
"08 Veevoeder (m.u.v. niet gemalen gra...","Totaal landen","2021 augustus","322","438","116","26,5","16,2"
"08 Veevoeder (m.u.v. niet gemalen gra...","Totaal landen","2021 september","315","471","156","6,3","10,3"
"08 Veevoeder (m.u.v. niet gemalen gra...","Totaal landen","2021 oktober","268","450","182","-0,5","8,1"
"08 Veevoeder (m.u.v. niet gemalen gra...","Totaal landen","2021 november","293","495","202","0,4","12,7"
"08 Veevoeder (m.u.v. niet gemalen gra...","Totaal landen","2021 december","421","509","87","35,5","17,5"
"08 Veevoeder (m.u.v. niet gemalen gra...","Totaal landen","2021","3.694","5.523","1.829","12,0","9,4"
"08 Veevoeder (m.u.v. niet gemalen gra...","Totaal landen","2022 januari*","346","516","170",".","."
"08 Veevoeder (m.u.v. niet gemalen gra...","Totaal landen","2022 februari*","280","476","196",".","."
"08 Veevoeder (m.u.v. niet gemalen gra...","Totaal landen","2022 maart*","408","595","186",".","."
"08 Veevoeder (m.u.v. niet gemalen gra...","Totaal landen","2022 april*","329","540","211",".","."
"08 Veevoeder (m.u.v. niet gemalen gra...","EU (exclusief Nederland)","2021 mei","168","322","155","13,6","15,5"
"08 Veevoeder (m.u.v. niet gemalen gra...","EU (exclusief Nederland)","2021 juni","172","337","165","20,5","7,5"
"08 Veevoeder (m.u.v. niet gemalen gra...","EU (exclusief Nederland)","2021 juli","163","322","159","5,8","2,1"
"08 Veevoeder (m.u.v. niet gemalen gra...","EU (exclusief Nederland)","2021 augustus","164","326","163","4,9","14,2"
"08 Veevoeder (m.u.v. niet gemalen gra...","EU (exclusief Nederland)","2021 september","181","334","153","12,6","2,8"
"08 Veevoeder (m.u.v. niet gemalen gra...","EU (exclusief Nederland)","2021 oktober","174","333","160","-3,7","5,8"
"08 Veevoeder (m.u.v. niet gemalen gra...","EU (exclusief Nederland)","2021 november","194","376","182","9,7","16,6"
"08 Veevoeder (m.u.v. niet gemalen gra...","EU (exclusief Nederland)","2021 december","208","395","187","16,5","23,8"
"08 Veevoeder (m.u.v. niet gemalen gra...","EU (exclusief Nederland)","2021","2.112","4.090","1.978",".","."
"08 Veevoeder (m.u.v. niet gemalen gra...","EU (exclusief Nederland)","2022 januari*","176","408","232",".","."
"08 Veevoeder (m.u.v. niet gemalen gra...","EU (exclusief Nederland)","2022 februari*","179","358","179",".","."
"08 Veevoeder (m.u.v. niet gemalen gra...","EU (exclusief Nederland)","2022 maart*","210","453","243",".","."
"08 Veevoeder (m.u.v. niet gemalen gra...","EU (exclusief Nederland)","2022 april*","189","403","214",".","."
"08 Veevoeder (m.u.v. niet gemalen gra...","Niet-EU","2021 mei","121","130","9","-5,2","8,3"
"08 Veevoeder (m.u.v. niet gemalen gra...","Niet-EU","2021 juni","126","127","0","-10,8","27,2"
"08 Veevoeder (m.u.v. niet gemalen gra...","Niet-EU","2021 juli","114","117","3","13,5","-6,8"
"08 Veevoeder (m.u.v. niet gemalen gra...","Niet-EU","2021 augustus","159","112","-47","60,8","22,4"
"08 Veevoeder (m.u.v. niet gemalen gra...","Niet-EU","2021 september","134","137","3","-1,2","34,2"
"08 Veevoeder (m.u.v. niet gemalen gra...","Niet-EU","2021 oktober","95","117","22","5,9","15,3"
"08 Veevoeder (m.u.v. niet gemalen gra...","Niet-EU","2021 november","98","119","20","-13,9","1,8"
"08 Veevoeder (m.u.v. niet gemalen gra...","Niet-EU","2021 december","214","114","-100","61,0","-0,2"
"08 Veevoeder (m.u.v. niet gemalen gra...","Niet-EU","2021","1.582","1.433","-149",".","."
"08 Veevoeder (m.u.v. niet gemalen gra...","Niet-EU","2022 januari*","170","108","-62",".","."
"08 Veevoeder (m.u.v. niet gemalen gra...","Niet-EU","2022 februari*","101","118","17",".","."
"08 Veevoeder (m.u.v. niet gemalen gra...","Niet-EU","2022 maart*","198","142","-56",".","."
"08 Veevoeder (m.u.v. niet gemalen gra...","Niet-EU","2022 april*","140","137","-3",".","."
"09 Bereide voedingsmiddelen n.a.g.","Totaal landen","2021 mei","291","658","367","15,6","-0,6"
"09 Bereide voedingsmiddelen n.a.g.","Totaal landen","2021 juni","309","707","398","17,9","5,7"
"09 Bereide voedingsmiddelen n.a.g.","Totaal landen","2021 juli","310","666","355","7,9","-4,9"
"09 Bereide voedingsmiddelen n.a.g.","Totaal landen","2021 augustus","291","645","354","17,9","7,9"
"09 Bereide voedingsmiddelen n.a.g.","Totaal landen","2021 september","316","715","399","10,6","3,6"
"09 Bereide voedingsmiddelen n.a.g.","Totaal landen","2021 oktober","304","663","358","9,5","-2,4"
"09 Bereide voedingsmiddelen n.a.g.","Totaal landen","2021 november","319","762","442","15,1","19,9"
"09 Bereide voedingsmiddelen n.a.g.","Totaal landen","2021 december","322","680","359","14,9","4,5"
"09 Bereide voedingsmiddelen n.a.g.","Totaal landen","2021","3.550","8.051","4.501","8,5","0,9"
"09 Bereide voedingsmiddelen n.a.g.","Totaal landen","2022 januari*","270","730","460",".","."
"09 Bereide voedingsmiddelen n.a.g.","Totaal landen","2022 februari*","293","723","430",".","."
"09 Bereide voedingsmiddelen n.a.g.","Totaal landen","2022 maart*","357","854","497",".","."
"09 Bereide voedingsmiddelen n.a.g.","Totaal landen","2022 april*","321","776","455",".","."
"09 Bereide voedingsmiddelen n.a.g.","EU (exclusief Nederland)","2021 mei","185","316","131","20,9","27,9"
"09 Bereide voedingsmiddelen n.a.g.","EU (exclusief Nederland)","2021 juni","201","348","147","20,6","31,2"
"09 Bereide voedingsmiddelen n.a.g.","EU (exclusief Nederland)","2021 juli","199","319","120","11,3","13,8"
"09 Bereide voedingsmiddelen n.a.g.","EU (exclusief Nederland)","2021 augustus","195","315","120","25,0","22,8"
"09 Bereide voedingsmiddelen n.a.g.","EU (exclusief Nederland)","2021 september","207","336","130","15,1","19,6"
"09 Bereide voedingsmiddelen n.a.g.","EU (exclusief Nederland)","2021 oktober","212","330","118","15,4","12,6"
"09 Bereide voedingsmiddelen n.a.g.","EU (exclusief Nederland)","2021 november","209","354","145","16,3","22,8"
"09 Bereide voedingsmiddelen n.a.g.","EU (exclusief Nederland)","2021 december","215","343","127","14,7","21,1"
"09 Bereide voedingsmiddelen n.a.g.","EU (exclusief Nederland)","2021","2.336","3.872","1.536",".","."
"09 Bereide voedingsmiddelen n.a.g.","EU (exclusief Nederland)","2022 januari*","168","370","202",".","."
"09 Bereide voedingsmiddelen n.a.g.","EU (exclusief Nederland)","2022 februari*","200","328","129",".","."
"09 Bereide voedingsmiddelen n.a.g.","EU (exclusief Nederland)","2022 maart*","232","391","158",".","."
"09 Bereide voedingsmiddelen n.a.g.","EU (exclusief Nederland)","2022 april*","207","355","148",".","."
"09 Bereide voedingsmiddelen n.a.g.","Niet-EU","2021 mei","106","342","236","7,3","-17,6"
"09 Bereide voedingsmiddelen n.a.g.","Niet-EU","2021 juni","108","358","250","13,1","-11,1"
"09 Bereide voedingsmiddelen n.a.g.","Niet-EU","2021 juli","112","347","235","2,2","-17,4"
"09 Bereide voedingsmiddelen n.a.g.","Niet-EU","2021 augustus","97","330","234","5,9","-3,4"
"09 Bereide voedingsmiddelen n.a.g.","Niet-EU","2021 september","109","379","270","2,8","-7,4"
"09 Bereide voedingsmiddelen n.a.g.","Niet-EU","2021 oktober","92","333","241","-1,9","-13,7"
"09 Bereide voedingsmiddelen n.a.g.","Niet-EU","2021 november","110","408","298","12,9","17,5"
"09 Bereide voedingsmiddelen n.a.g.","Niet-EU","2021 december","106","338","231","15,2","-8,2"
"09 Bereide voedingsmiddelen n.a.g.","Niet-EU","2021","1.214","4.179","2.965",".","."
"09 Bereide voedingsmiddelen n.a.g.","Niet-EU","2022 januari*","102","360","258",".","."
"09 Bereide voedingsmiddelen n.a.g.","Niet-EU","2022 februari*","93","395","302",".","."
"09 Bereide voedingsmiddelen n.a.g.","Niet-EU","2022 maart*","124","463","339",".","."
"09 Bereide voedingsmiddelen n.a.g.","Niet-EU","2022 april*","114","421","307",".","."
"11 Dranken","Totaal landen","2021 mei","333","444","110","29,5","35,2"
"11 Dranken","Totaal landen","2021 juni","363","509","146","20,3","27,9"
"11 Dranken","Totaal landen","2021 juli","355","495","140","6,3","9,5"
"11 Dranken","Totaal landen","2021 augustus","299","474","175","3,1","14,9"
"11 Dranken","Totaal landen","2021 september","318","495","177","10,3","13,9"
"11 Dranken","Totaal landen","2021 oktober","332","435","104","9,2","-2,7"
"11 Dranken","Totaal landen","2021 november","375","499","123","21,6","19,8"
"11 Dranken","Totaal landen","2021 december","354","472","119","10,9","26,4"
"11 Dranken","Totaal landen","2021","3.833","5.495","1.662","12,3","13,9"
"11 Dranken","Totaal landen","2022 januari*","273","411","139",".","."
"11 Dranken","Totaal landen","2022 februari*","275","435","161",".","."
"11 Dranken","Totaal landen","2022 maart*","338","509","171",".","."
"11 Dranken","Totaal landen","2022 april*","330","475","145",".","."
"11 Dranken","EU (exclusief Nederland)","2021 mei","265","184","-81","31,3","29,0"
"11 Dranken","EU (exclusief Nederland)","2021 juni","298","222","-76","23,4","36,8"
"11 Dranken","EU (exclusief Nederland)","2021 juli","290","207","-83","9,3","18,7"
"11 Dranken","EU (exclusief Nederland)","2021 augustus","241","210","-31","9,0","30,5"
"11 Dranken","EU (exclusief Nederland)","2021 september","253","200","-53","18,4","15,2"
"11 Dranken","EU (exclusief Nederland)","2021 oktober","269","188","-81","18,7","6,5"
"11 Dranken","EU (exclusief Nederland)","2021 november","308","214","-94","25,9","38,4"
"11 Dranken","EU (exclusief Nederland)","2021 december","288","206","-82","13,4","43,8"
"11 Dranken","EU (exclusief Nederland)","2021","3.102","2.316","-786",".","."
"11 Dranken","EU (exclusief Nederland)","2022 januari*","215","182","-33",".","."
"11 Dranken","EU (exclusief Nederland)","2022 februari*","227","190","-37",".","."
"11 Dranken","EU (exclusief Nederland)","2022 maart*","274","222","-52",".","."
"11 Dranken","EU (exclusief Nederland)","2022 april*","273","195","-78",".","."
"11 Dranken","Niet-EU","2021 mei","68","260","191","23,1","40,0"
"11 Dranken","Niet-EU","2021 juni","65","287","222","7,7","21,8"
"11 Dranken","Niet-EU","2021 juli","64","288","224","-5,4","3,8"
"11 Dranken","Niet-EU","2021 augustus","59","264","205","-15,8","5,0"
"11 Dranken","Niet-EU","2021 september","65","295","230","-13,1","13,0"
"11 Dranken","Niet-EU","2021 oktober","63","248","185","-18,9","-8,6"
"11 Dranken","Niet-EU","2021 november","68","284","217","5,3","8,8"
"11 Dranken","Niet-EU","2021 december","65","266","200","1,4","15,5"
"11 Dranken","Niet-EU","2021","731","3.179","2.448",".","."
"11 Dranken","Niet-EU","2022 januari*","57","229","172",".","."
"11 Dranken","Niet-EU","2022 februari*","48","246","198",".","."
"11 Dranken","Niet-EU","2022 maart*","63","286","223",".","."
"11 Dranken","Niet-EU","2022 april*","57","281","224",".","."
"12 Tabak en tabaksfabricaten","Totaal landen","2021 mei","59","60","1","-19,3","-16,4"
"12 Tabak en tabaksfabricaten","Totaal landen","2021 juni","63","94","31","-11,5","15,5"
"12 Tabak en tabaksfabricaten","Totaal landen","2021 juli","69","86","17","17,3","-8,3"
"12 Tabak en tabaksfabricaten","Totaal landen","2021 augustus","62","78","17","12,5","1,2"
"12 Tabak en tabaksfabricaten","Totaal landen","2021 september","63","84","21","-30,5","-19,2"
"12 Tabak en tabaksfabricaten","Totaal landen","2021 oktober","51","78","27","12,2","0,2"
"12 Tabak en tabaksfabricaten","Totaal landen","2021 november","69","92","23","29,6","13,8"
"12 Tabak en tabaksfabricaten","Totaal landen","2021 december","58","80","22","24,8","32,5"
"12 Tabak en tabaksfabricaten","Totaal landen","2021","716","935","219","-10,1","-4,1"
"12 Tabak en tabaksfabricaten","Totaal landen","2022 januari*","61","77","16",".","."
"12 Tabak en tabaksfabricaten","Totaal landen","2022 februari*","50","60","10",".","."
"12 Tabak en tabaksfabricaten","Totaal landen","2022 maart*","63","91","28",".","."
"12 Tabak en tabaksfabricaten","Totaal landen","2022 april*","63","68","5",".","."
"12 Tabak en tabaksfabricaten","EU (exclusief Nederland)","2021 mei","52","43","-9","-14,4","7,1"
"12 Tabak en tabaksfabricaten","EU (exclusief Nederland)","2021 juni","50","69","19","-10,1","48,3"
"12 Tabak en tabaksfabricaten","EU (exclusief Nederland)","2021 juli","53","59","7","12,7","10,2"
"12 Tabak en tabaksfabricaten","EU (exclusief Nederland)","2021 augustus","51","57","6","21,3","13,0"
"12 Tabak en tabaksfabricaten","EU (exclusief Nederland)","2021 september","51","58","7","-35,2","-12,5"
"12 Tabak en tabaksfabricaten","EU (exclusief Nederland)","2021 oktober","41","57","16","19,0","14,0"
"12 Tabak en tabaksfabricaten","EU (exclusief Nederland)","2021 november","54","65","11","33,8","48,8"
"12 Tabak en tabaksfabricaten","EU (exclusief Nederland)","2021 december","41","62","21","19,7","52,8"
"12 Tabak en tabaksfabricaten","EU (exclusief Nederland)","2021","572","659","87",".","."
"12 Tabak en tabaksfabricaten","EU (exclusief Nederland)","2022 januari*","49","55","6",".","."
"12 Tabak en tabaksfabricaten","EU (exclusief Nederland)","2022 februari*","41","41","0",".","."
"12 Tabak en tabaksfabricaten","EU (exclusief Nederland)","2022 maart*","47","58","11",".","."
"12 Tabak en tabaksfabricaten","EU (exclusief Nederland)","2022 april*","50","42","-8",".","."
"12 Tabak en tabaksfabricaten","Niet-EU","2021 mei","7","17","10","-43,5","-46,6"
"12 Tabak en tabaksfabricaten","Niet-EU","2021 juni","13","25","12","-16,6","-28,7"
"12 Tabak en tabaksfabricaten","Niet-EU","2021 juli","16","27","11","35,1","-33,0"
"12 Tabak en tabaksfabricaten","Niet-EU","2021 augustus","11","22","10","-15,4","-20,6"
"12 Tabak en tabaksfabricaten","Niet-EU","2021 september","12","26","14","-0,3","-30,8"
"12 Tabak en tabaksfabricaten","Niet-EU","2021 oktober","10","21","11","-8,9","-24,6"
"12 Tabak en tabaksfabricaten","Niet-EU","2021 november","15","27","12","16,7","-27,1"
"12 Tabak en tabaksfabricaten","Niet-EU","2021 december","17","17","0","39,0","-10,1"
"12 Tabak en tabaksfabricaten","Niet-EU","2021","143","276","133",".","."
"12 Tabak en tabaksfabricaten","Niet-EU","2022 januari*","12","22","10",".","."
"12 Tabak en tabaksfabricaten","Niet-EU","2022 februari*","9","19","10",".","."
"12 Tabak en tabaksfabricaten","Niet-EU","2022 maart*","15","33","17",".","."
"12 Tabak en tabaksfabricaten","Niet-EU","2022 april*","12","25","13",".","."
"21 Ongelooide huiden en vellen","Totaal landen","2021 mei","6","16","9","60,3","127,6"
"21 Ongelooide huiden en vellen","Totaal landen","2021 juni","7","19","12","77,8","123,6"
"21 Ongelooide huiden en vellen","Totaal landen","2021 juli","6","12","6","51,9","20,7"
"21 Ongelooide huiden en vellen","Totaal landen","2021 augustus","6","9","3","49,7","30,9"
"21 Ongelooide huiden en vellen","Totaal landen","2021 september","7","19","12","12,3","9,5"
"21 Ongelooide huiden en vellen","Totaal landen","2021 oktober","8","15","7","88,4","-6,9"
"21 Ongelooide huiden en vellen","Totaal landen","2021 november","8","20","12","89,0","29,2"
"21 Ongelooide huiden en vellen","Totaal landen","2021 december","6","18","11","29,7","23,4"
"21 Ongelooide huiden en vellen","Totaal landen","2021","74","200","126","26,8","27,8"
"21 Ongelooide huiden en vellen","Totaal landen","2022 januari*","5","16","11",".","."
"21 Ongelooide huiden en vellen","Totaal landen","2022 februari*","6","12","6",".","."
"21 Ongelooide huiden en vellen","Totaal landen","2022 maart*","5","20","14",".","."
"21 Ongelooide huiden en vellen","Totaal landen","2022 april*","5","15","10",".","."
"21 Ongelooide huiden en vellen","EU (exclusief Nederland)","2021 mei","6","11","5","59,1","83,2"
"21 Ongelooide huiden en vellen","EU (exclusief Nederland)","2021 juni","7","14","7","73,0","135,6"
"21 Ongelooide huiden en vellen","EU (exclusief Nederland)","2021 juli","6","11","5","53,4","65,5"
"21 Ongelooide huiden en vellen","EU (exclusief Nederland)","2021 augustus","5","6","1","49,5","38,8"
"21 Ongelooide huiden en vellen","EU (exclusief Nederland)","2021 september","7","16","9","26,1","37,5"
"21 Ongelooide huiden en vellen","EU (exclusief Nederland)","2021 oktober","7","13","6","70,4","28,0"
"21 Ongelooide huiden en vellen","EU (exclusief Nederland)","2021 november","7","14","7","87,0","52,8"
"21 Ongelooide huiden en vellen","EU (exclusief Nederland)","2021 december","6","11","5","29,0","33,2"
"21 Ongelooide huiden en vellen","EU (exclusief Nederland)","2021","72","154","82",".","."
"21 Ongelooide huiden en vellen","EU (exclusief Nederland)","2022 januari*","5","13","8",".","."
"21 Ongelooide huiden en vellen","EU (exclusief Nederland)","2022 februari*","5","11","6",".","."
"21 Ongelooide huiden en vellen","EU (exclusief Nederland)","2022 maart*","5","17","12",".","."
"21 Ongelooide huiden en vellen","EU (exclusief Nederland)","2022 april*","5","13","8",".","."
"21 Ongelooide huiden en vellen","Niet-EU","2021 mei","0","4","4","111,6","517,5"
"21 Ongelooide huiden en vellen","Niet-EU","2021 juni","0","5","5","819,0","98,0"
"21 Ongelooide huiden en vellen","Niet-EU","2021 juli","0","2","2","-2,0","-53,5"
"21 Ongelooide huiden en vellen","Niet-EU","2021 augustus","0","3","3","63,2","15,9"
"21 Ongelooide huiden en vellen","Niet-EU","2021 september","0","3","2","-76,4","-52,2"
"21 Ongelooide huiden en vellen","Niet-EU","2021 oktober","1","2","1","833,9","-66,2"
"21 Ongelooide huiden en vellen","Niet-EU","2021 november","0","6","5","219,7","-6,9"
"21 Ongelooide huiden en vellen","Niet-EU","2021 december","0","6","6","54,4","8,6"
"21 Ongelooide huiden en vellen","Niet-EU","2021","3","46","44",".","."
"21 Ongelooide huiden en vellen","Niet-EU","2022 januari*","0","3","3",".","."
"21 Ongelooide huiden en vellen","Niet-EU","2022 februari*","1","1","0",".","."
"21 Ongelooide huiden en vellen","Niet-EU","2022 maart*","0","2","2",".","."
"21 Ongelooide huiden en vellen","Niet-EU","2022 april*","0","2","2",".","."
"22 Oliehoudende zaden en vruchten","Totaal landen","2021 mei","329","166","-163","2,1","47,3"
"22 Oliehoudende zaden en vruchten","Totaal landen","2021 juni","325","134","-190","35,4","2,8"
"22 Oliehoudende zaden en vruchten","Totaal landen","2021 juli","339","153","-186","36,5","28,8"
"22 Oliehoudende zaden en vruchten","Totaal landen","2021 augustus","399","151","-248","34,4","6,1"
"22 Oliehoudende zaden en vruchten","Totaal landen","2021 september","421","148","-273","7,2","-9,4"
"22 Oliehoudende zaden en vruchten","Totaal landen","2021 oktober","318","130","-188","24,3","-17,0"
"22 Oliehoudende zaden en vruchten","Totaal landen","2021 november","288","174","-115","-6,6","1,4"
"22 Oliehoudende zaden en vruchten","Totaal landen","2021 december","337","185","-152","38,4","28,4"
"22 Oliehoudende zaden en vruchten","Totaal landen","2021","3.869","1.813","-2.056","12,9","10,8"
"22 Oliehoudende zaden en vruchten","Totaal landen","2022 januari*","263","146","-117",".","."
"22 Oliehoudende zaden en vruchten","Totaal landen","2022 februari*","229","112","-117",".","."
"22 Oliehoudende zaden en vruchten","Totaal landen","2022 maart*","313","141","-171",".","."
"22 Oliehoudende zaden en vruchten","Totaal landen","2022 april*","427","170","-256",".","."
"22 Oliehoudende zaden en vruchten","EU (exclusief Nederland)","2021 mei","37","159","121","-6,3","60,0"
"22 Oliehoudende zaden en vruchten","EU (exclusief Nederland)","2021 juni","24","122","97","-67,2","4,6"
"22 Oliehoudende zaden en vruchten","EU (exclusief Nederland)","2021 juli","129","137","8","179,6","26,2"
"22 Oliehoudende zaden en vruchten","EU (exclusief Nederland)","2021 augustus","112","140","28","54,8","6,1"
"22 Oliehoudende zaden en vruchten","EU (exclusief Nederland)","2021 september","116","136","19","-1,6","-10,8"
"22 Oliehoudende zaden en vruchten","EU (exclusief Nederland)","2021 oktober","95","121","26","88,2","-15,6"
"22 Oliehoudende zaden en vruchten","EU (exclusief Nederland)","2021 november","37","163","126","-27,3","4,1"
"22 Oliehoudende zaden en vruchten","EU (exclusief Nederland)","2021 december","91","171","80","37,8","28,1"
"22 Oliehoudende zaden en vruchten","EU (exclusief Nederland)","2021","760","1.688","928",".","."
"22 Oliehoudende zaden en vruchten","EU (exclusief Nederland)","2022 januari*","38","140","101",".","."
"22 Oliehoudende zaden en vruchten","EU (exclusief Nederland)","2022 februari*","50","105","56",".","."
"22 Oliehoudende zaden en vruchten","EU (exclusief Nederland)","2022 maart*","65","133","68",".","."
"22 Oliehoudende zaden en vruchten","EU (exclusief Nederland)","2022 april*","94","163","68",".","."
"22 Oliehoudende zaden en vruchten","Niet-EU","2021 mei","291","7","-285","3,3","-47,9"
"22 Oliehoudende zaden en vruchten","Niet-EU","2021 juni","300","13","-288","81,1","-12,0"
"22 Oliehoudende zaden en vruchten","Niet-EU","2021 juli","210","16","-194","3,9","56,7"
"22 Oliehoudende zaden en vruchten","Niet-EU","2021 augustus","287","11","-276","27,9","5,6"
"22 Oliehoudende zaden en vruchten","Niet-EU","2021 september","304","12","-292","11,0","9,7"
"22 Oliehoudende zaden en vruchten","Niet-EU","2021 oktober","224","9","-214","8,6","-31,9"
"22 Oliehoudende zaden en vruchten","Niet-EU","2021 november","251","11","-241","-2,6","-28,1"
"22 Oliehoudende zaden en vruchten","Niet-EU","2021 december","246","14","-232","38,7","31,6"
"22 Oliehoudende zaden en vruchten","Niet-EU","2021","3.108","124","-2.984",".","."
"22 Oliehoudende zaden en vruchten","Niet-EU","2022 januari*","225","7","-218",".","."
"22 Oliehoudende zaden en vruchten","Niet-EU","2022 februari*","179","6","-172",".","."
"22 Oliehoudende zaden en vruchten","Niet-EU","2022 maart*","248","8","-240",".","."
"22 Oliehoudende zaden en vruchten","Niet-EU","2022 april*","332","8","-324",".","."
"23 Ruwe, synthetische en geregenereer...","Totaal landen","2021 mei","34","61","27","8,1","99,6"
"23 Ruwe, synthetische en geregenereer...","Totaal landen","2021 juni","41","83","42","11,1","146,5"
"23 Ruwe, synthetische en geregenereer...","Totaal landen","2021 juli","42","69","28","47,2","59,5"
"23 Ruwe, synthetische en geregenereer...","Totaal landen","2021 augustus","40","62","22","44,6","60,6"
"23 Ruwe, synthetische en geregenereer...","Totaal landen","2021 september","44","78","34","40,8","67,2"
"23 Ruwe, synthetische en geregenereer...","Totaal landen","2021 oktober","38","76","38","24,1","61,1"
"23 Ruwe, synthetische en geregenereer...","Totaal landen","2021 november","52","79","27","56,6","70,7"
"23 Ruwe, synthetische en geregenereer...","Totaal landen","2021 december","41","70","30","35,0","79,5"
"23 Ruwe, synthetische en geregenereer...","Totaal landen","2021","485","803","318","22,0","53,4"
"23 Ruwe, synthetische en geregenereer...","Totaal landen","2022 januari*","48","72","24",".","."
"23 Ruwe, synthetische en geregenereer...","Totaal landen","2022 februari*","40","74","34",".","."
"23 Ruwe, synthetische en geregenereer...","Totaal landen","2022 maart*","51","91","41",".","."
"23 Ruwe, synthetische en geregenereer...","Totaal landen","2022 april*","50","77","26",".","."
"23 Ruwe, synthetische en geregenereer...","EU (exclusief Nederland)","2021 mei","19","43","24","19,0","100,9"
"23 Ruwe, synthetische en geregenereer...","EU (exclusief Nederland)","2021 juni","22","62","40","20,4","151,4"
"23 Ruwe, synthetische en geregenereer...","EU (exclusief Nederland)","2021 juli","24","52","28","66,7","79,8"
"23 Ruwe, synthetische en geregenereer...","EU (exclusief Nederland)","2021 augustus","26","50","24","35,1","95,4"
"23 Ruwe, synthetische en geregenereer...","EU (exclusief Nederland)","2021 september","28","62","35","24,5","86,4"
"23 Ruwe, synthetische en geregenereer...","EU (exclusief Nederland)","2021 oktober","23","59","36","22,0","70,8"
"23 Ruwe, synthetische en geregenereer...","EU (exclusief Nederland)","2021 november","31","63","32","48,8","94,2"
"23 Ruwe, synthetische en geregenereer...","EU (exclusief Nederland)","2021 december","23","51","29","6,9","99,6"
"23 Ruwe, synthetische en geregenereer...","EU (exclusief Nederland)","2021","290","602","312",".","."
"23 Ruwe, synthetische en geregenereer...","EU (exclusief Nederland)","2022 januari*","31","50","19",".","."
"23 Ruwe, synthetische en geregenereer...","EU (exclusief Nederland)","2022 februari*","25","49","24",".","."
"23 Ruwe, synthetische en geregenereer...","EU (exclusief Nederland)","2022 maart*","32","64","32",".","."
"23 Ruwe, synthetische en geregenereer...","EU (exclusief Nederland)","2022 april*","28","54","26",".","."
"23 Ruwe, synthetische en geregenereer...","Niet-EU","2021 mei","15","18","3","-3,0","96,6"
"23 Ruwe, synthetische en geregenereer...","Niet-EU","2021 juni","19","20","2","1,8","132,8"
"23 Ruwe, synthetische en geregenereer...","Niet-EU","2021 juli","18","17","-1","26,8","18,3"
"23 Ruwe, synthetische en geregenereer...","Niet-EU","2021 augustus","14","13","-2","65,1","-5,8"
"23 Ruwe, synthetische en geregenereer...","Niet-EU","2021 september","16","16","-1","80,7","19,0"
"23 Ruwe, synthetische en geregenereer...","Niet-EU","2021 oktober","15","17","2","27,3","34,7"
"23 Ruwe, synthetische en geregenereer...","Niet-EU","2021 november","21","16","-5","69,5","15,9"
"23 Ruwe, synthetische en geregenereer...","Niet-EU","2021 december","18","19","1","99,4","41,9"
"23 Ruwe, synthetische en geregenereer...","Niet-EU","2021","195","201","5",".","."
"23 Ruwe, synthetische en geregenereer...","Niet-EU","2022 januari*","17","22","5",".","."
"23 Ruwe, synthetische en geregenereer...","Niet-EU","2022 februari*","15","25","10",".","."
"23 Ruwe, synthetische en geregenereer...","Niet-EU","2022 maart*","19","28","9",".","."
"23 Ruwe, synthetische en geregenereer...","Niet-EU","2022 april*","23","23","0",".","."
"24 Kurk en hout","Totaal landen","2021 mei","227","98","-129","60,6","96,9"
"24 Kurk en hout","Totaal landen","2021 juni","238","104","-135","29,0","92,9"
"24 Kurk en hout","Totaal landen","2021 juli","239","106","-133","38,4","58,7"
"24 Kurk en hout","Totaal landen","2021 augustus","231","97","-134","95,3","74,7"
"24 Kurk en hout","Totaal landen","2021 september","261","100","-161","75,9","41,0"
"24 Kurk en hout","Totaal landen","2021 oktober","230","95","-135","40,5","29,1"
"24 Kurk en hout","Totaal landen","2021 november","229","86","-143","30,6","12,7"
"24 Kurk en hout","Totaal landen","2021 december","187","64","-123","21,0","-13,2"
"24 Kurk en hout","Totaal landen","2021","2.608","1.077","-1.531","41,7","51,7"
"24 Kurk en hout","Totaal landen","2022 januari*","207","71","-136",".","."
"24 Kurk en hout","Totaal landen","2022 februari*","210","85","-125",".","."
"24 Kurk en hout","Totaal landen","2022 maart*","245","101","-144",".","."
"24 Kurk en hout","Totaal landen","2022 april*","222","87","-135",".","."
"24 Kurk en hout","EU (exclusief Nederland)","2021 mei","155","38","-116","45,9","16,5"
"24 Kurk en hout","EU (exclusief Nederland)","2021 juni","177","47","-130","35,1","32,7"
"24 Kurk en hout","EU (exclusief Nederland)","2021 juli","172","42","-130","48,4","27,7"
"24 Kurk en hout","EU (exclusief Nederland)","2021 augustus","147","34","-113","75,3","22,8"
"24 Kurk en hout","EU (exclusief Nederland)","2021 september","190","42","-148","84,6","22,6"
"24 Kurk en hout","EU (exclusief Nederland)","2021 oktober","175","43","-131","53,3","26,9"
"24 Kurk en hout","EU (exclusief Nederland)","2021 november","163","44","-119","28,5","34,3"
"24 Kurk en hout","EU (exclusief Nederland)","2021 december","120","38","-83","6,4","7,0"
"24 Kurk en hout","EU (exclusief Nederland)","2021","1.866","485","-1.381",".","."
"24 Kurk en hout","EU (exclusief Nederland)","2022 januari*","136","43","-93",".","."
"24 Kurk en hout","EU (exclusief Nederland)","2022 februari*","148","46","-101",".","."
"24 Kurk en hout","EU (exclusief Nederland)","2022 maart*","164","53","-112",".","."
"24 Kurk en hout","EU (exclusief Nederland)","2022 april*","156","44","-112",".","."
"24 Kurk en hout","Niet-EU","2021 mei","73","60","-13","104,4","252,9"
"24 Kurk en hout","Niet-EU","2021 juni","61","56","-4","14,1","210,7"
"24 Kurk en hout","Niet-EU","2021 juli","67","64","-3","17,9","88,7"
"24 Kurk en hout","Niet-EU","2021 augustus","84","63","-21","144,6","127,8"
"24 Kurk en hout","Niet-EU","2021 september","71","58","-13","56,1","58,4"
"24 Kurk en hout","Niet-EU","2021 oktober","55","52","-4","11,3","31,0"
"24 Kurk en hout","Niet-EU","2021 november","66","42","-24","36,1","-3,5"
"24 Kurk en hout","Niet-EU","2021 december","67","26","-41","60,4","-31,6"
"24 Kurk en hout","Niet-EU","2021","742","592","-150",".","."
"24 Kurk en hout","Niet-EU","2022 januari*","70","28","-42",".","."
"24 Kurk en hout","Niet-EU","2022 februari*","62","39","-23",".","."
"24 Kurk en hout","Niet-EU","2022 maart*","81","48","-32",".","."
"24 Kurk en hout","Niet-EU","2022 april*","65","43","-22",".","."
"25 Papierstof en papierafval","Totaal landen","2021 mei","110","101","-8","37,2","29,0"
"25 Papierstof en papierafval","Totaal landen","2021 juni","90","105","14","-21,4","40,6"
"25 Papierstof en papierafval","Totaal landen","2021 juli","134","104","-30","38,7","26,3"
"25 Papierstof en papierafval","Totaal landen","2021 augustus","137","114","-24","28,9","53,7"
"25 Papierstof en papierafval","Totaal landen","2021 september","126","106","-20","45,8","18,6"
"25 Papierstof en papierafval","Totaal landen","2021 oktober","164","113","-51","86,6","38,3"
"25 Papierstof en papierafval","Totaal landen","2021 november","162","113","-49","71,4","47,5"
"25 Papierstof en papierafval","Totaal landen","2021 december","133","123","-10","42,3","19,3"
"25 Papierstof en papierafval","Totaal landen","2021","1.491","1.248","-244","32,0","24,6"
"25 Papierstof en papierafval","Totaal landen","2022 januari*","160","114","-46",".","."
"25 Papierstof en papierafval","Totaal landen","2022 februari*","156","121","-35",".","."
"25 Papierstof en papierafval","Totaal landen","2022 maart*","170","140","-31",".","."
"25 Papierstof en papierafval","Totaal landen","2022 april*","160","138","-22",".","."
"25 Papierstof en papierafval","EU (exclusief Nederland)","2021 mei","67","74","7","23,2","46,2"
"25 Papierstof en papierafval","EU (exclusief Nederland)","2021 juni","63","75","12","-10,2","70,5"
"25 Papierstof en papierafval","EU (exclusief Nederland)","2021 juli","86","74","-13","27,1","56,1"
"25 Papierstof en papierafval","EU (exclusief Nederland)","2021 augustus","72","83","11","4,2","72,8"
"25 Papierstof en papierafval","EU (exclusief Nederland)","2021 september","76","79","3","45,4","41,7"
"25 Papierstof en papierafval","EU (exclusief Nederland)","2021 oktober","93","88","-4","73,3","57,7"
"25 Papierstof en papierafval","EU (exclusief Nederland)","2021 november","89","81","-8","51,9","54,9"
"25 Papierstof en papierafval","EU (exclusief Nederland)","2021 december","89","87","-2","86,1","65,2"
"25 Papierstof en papierafval","EU (exclusief Nederland)","2021","918","882","-35",".","."
"25 Papierstof en papierafval","EU (exclusief Nederland)","2022 januari*","109","84","-25",".","."
"25 Papierstof en papierafval","EU (exclusief Nederland)","2022 februari*","86","81","-5",".","."
"25 Papierstof en papierafval","EU (exclusief Nederland)","2022 maart*","103","87","-15",".","."
"25 Papierstof en papierafval","EU (exclusief Nederland)","2022 april*","118","90","-28",".","."
"25 Papierstof en papierafval","Niet-EU","2021 mei","42","27","-15","67,1","-2,3"
"25 Papierstof en papierafval","Niet-EU","2021 juni","28","30","3","-38,8","-1,8"
"25 Papierstof en papierafval","Niet-EU","2021 juli","47","30","-17","66,6","-14,0"
"25 Papierstof en papierafval","Niet-EU","2021 augustus","65","30","-35","74,9","17,9"
"25 Papierstof en papierafval","Niet-EU","2021 september","50","27","-23","46,4","-19,5"
"25 Papierstof en papierafval","Niet-EU","2021 oktober","72","25","-47","107,4","-3,9"
"25 Papierstof en papierafval","Niet-EU","2021 november","73","32","-41","103,3","31,2"
"25 Papierstof en papierafval","Niet-EU","2021 december","44","36","-8","-3,8","-28,9"
"25 Papierstof en papierafval","Niet-EU","2021","574","365","-208",".","."
"25 Papierstof en papierafval","Niet-EU","2022 januari*","51","30","-21",".","."
"25 Papierstof en papierafval","Niet-EU","2022 februari*","70","40","-31",".","."
"25 Papierstof en papierafval","Niet-EU","2022 maart*","67","52","-15",".","."
"25 Papierstof en papierafval","Niet-EU","2022 april*","42","48","6",".","."
"26 Textielvezels, textielafval en lompen","Totaal landen","2021 mei","32","29","-3","40,5","62,5"
"26 Textielvezels, textielafval en lompen","Totaal landen","2021 juni","32","29","-3","18,3","19,2"
"26 Textielvezels, textielafval en lompen","Totaal landen","2021 juli","34","31","-3","46,7","18,5"
"26 Textielvezels, textielafval en lompen","Totaal landen","2021 augustus","32","26","-6","46,0","34,2"
"26 Textielvezels, textielafval en lompen","Totaal landen","2021 september","33","32","0","23,9","3,8"
"26 Textielvezels, textielafval en lompen","Totaal landen","2021 oktober","34","33","-1","21,7","16,7"
"26 Textielvezels, textielafval en lompen","Totaal landen","2021 november","33","33","-1","28,3","15,9"
"26 Textielvezels, textielafval en lompen","Totaal landen","2021 december","33","30","-3","40,0","32,3"
"26 Textielvezels, textielafval en lompen","Totaal landen","2021","377","353","-24","23,9","18,0"
"26 Textielvezels, textielafval en lompen","Totaal landen","2022 januari*","29","33","4",".","."
"26 Textielvezels, textielafval en lompen","Totaal landen","2022 februari*","24","39","15",".","."
"26 Textielvezels, textielafval en lompen","Totaal landen","2022 maart*","32","44","12",".","."
"26 Textielvezels, textielafval en lompen","Totaal landen","2022 april*","30","38","8",".","."
"26 Textielvezels, textielafval en lompen","EU (exclusief Nederland)","2021 mei","20","13","-7","39,2","45,5"
"26 Textielvezels, textielafval en lompen","EU (exclusief Nederland)","2021 juni","22","14","-7","10,5","46,1"
"26 Textielvezels, textielafval en lompen","EU (exclusief Nederland)","2021 juli","23","17","-6","43,7","64,9"
"26 Textielvezels, textielafval en lompen","EU (exclusief Nederland)","2021 augustus","19","14","-5","27,5","59,7"
"26 Textielvezels, textielafval en lompen","EU (exclusief Nederland)","2021 september","24","16","-8","27,9","24,6"
"26 Textielvezels, textielafval en lompen","EU (exclusief Nederland)","2021 oktober","22","17","-5","10,3","33,0"
"26 Textielvezels, textielafval en lompen","EU (exclusief Nederland)","2021 november","25","15","-9","33,2","22,3"
"26 Textielvezels, textielafval en lompen","EU (exclusief Nederland)","2021 december","23","13","-10","37,6","16,5"
"26 Textielvezels, textielafval en lompen","EU (exclusief Nederland)","2021","256","169","-87",".","."
"26 Textielvezels, textielafval en lompen","EU (exclusief Nederland)","2022 januari*","16","18","2",".","."
"26 Textielvezels, textielafval en lompen","EU (exclusief Nederland)","2022 februari*","13","21","8",".","."
"26 Textielvezels, textielafval en lompen","EU (exclusief Nederland)","2022 maart*","16","25","9",".","."
"26 Textielvezels, textielafval en lompen","EU (exclusief Nederland)","2022 april*","15","19","5",".","."
"26 Textielvezels, textielafval en lompen","Niet-EU","2021 mei","12","16","4","42,8","79,0"
"26 Textielvezels, textielafval en lompen","Niet-EU","2021 juni","10","15","5","39,3","1,0"
"26 Textielvezels, textielafval en lompen","Niet-EU","2021 juli","12","14","2","53,2","-12,4"
"26 Textielvezels, textielafval en lompen","Niet-EU","2021 augustus","13","12","-1","86,9","13,2"
"26 Textielvezels, textielafval en lompen","Niet-EU","2021 september","9","16","7","14,3","-11,0"
"26 Textielvezels, textielafval en lompen","Niet-EU","2021 oktober","11","16","5","52,3","3,3"
"26 Textielvezels, textielafval en lompen","Niet-EU","2021 november","9","17","9","16,2","10,8"
"26 Textielvezels, textielafval en lompen","Niet-EU","2021 december","10","17","7","45,5","47,3"
"26 Textielvezels, textielafval en lompen","Niet-EU","2021","122","184","63",".","."
"26 Textielvezels, textielafval en lompen","Niet-EU","2022 januari*","13","15","3",".","."
"26 Textielvezels, textielafval en lompen","Niet-EU","2022 februari*","11","17","6",".","."
"26 Textielvezels, textielafval en lompen","Niet-EU","2022 maart*","16","19","3",".","."
"26 Textielvezels, textielafval en lompen","Niet-EU","2022 april*","15","18","3",".","."
"27 Natuurlijke meststoffen en ruwe mi...","Totaal landen","2021 mei","118","136","18","16,7","43,3"
"27 Natuurlijke meststoffen en ruwe mi...","Totaal landen","2021 juni","115","125","10","6,3","32,9"
"27 Natuurlijke meststoffen en ruwe mi...","Totaal landen","2021 juli","108","120","12","6,7","28,6"
"27 Natuurlijke meststoffen en ruwe mi...","Totaal landen","2021 augustus","108","120","12","32,8","40,4"
"27 Natuurlijke meststoffen en ruwe mi...","Totaal landen","2021 september","112","132","19","7,5","36,6"
"27 Natuurlijke meststoffen en ruwe mi...","Totaal landen","2021 oktober","101","127","26","-7,3","21,9"
"27 Natuurlijke meststoffen en ruwe mi...","Totaal landen","2021 november","114","142","28","5,3","15,7"
"27 Natuurlijke meststoffen en ruwe mi...","Totaal landen","2021 december","124","144","21","24,1","42,3"
"27 Natuurlijke meststoffen en ruwe mi...","Totaal landen","2021","1.309","1.567","258","8,6","31,1"
"27 Natuurlijke meststoffen en ruwe mi...","Totaal landen","2022 januari*","97","144","46",".","."
"27 Natuurlijke meststoffen en ruwe mi...","Totaal landen","2022 februari*","100","150","50",".","."
"27 Natuurlijke meststoffen en ruwe mi...","Totaal landen","2022 maart*","133","159","26",".","."
"27 Natuurlijke meststoffen en ruwe mi...","Totaal landen","2022 april*","126","158","32",".","."
"27 Natuurlijke meststoffen en ruwe mi...","EU (exclusief Nederland)","2021 mei","75","112","37","9,0","50,9"
"27 Natuurlijke meststoffen en ruwe mi...","EU (exclusief Nederland)","2021 juni","78","100","22","10,2","29,1"
"27 Natuurlijke meststoffen en ruwe mi...","EU (exclusief Nederland)","2021 juli","72","94","22","-1,6","27,6"
"27 Natuurlijke meststoffen en ruwe mi...","EU (exclusief Nederland)","2021 augustus","66","93","27","11,7","35,4"
"27 Natuurlijke meststoffen en ruwe mi...","EU (exclusief Nederland)","2021 september","81","104","24","8,2","37,3"
"27 Natuurlijke meststoffen en ruwe mi...","EU (exclusief Nederland)","2021 oktober","75","104","29","5,3","25,4"
"27 Natuurlijke meststoffen en ruwe mi...","EU (exclusief Nederland)","2021 november","78","112","34","6,8","11,2"
"27 Natuurlijke meststoffen en ruwe mi...","EU (exclusief Nederland)","2021 december","83","115","32","12,4","50,3"
"27 Natuurlijke meststoffen en ruwe mi...","EU (exclusief Nederland)","2021","889","1.261","372",".","."
"27 Natuurlijke meststoffen en ruwe mi...","EU (exclusief Nederland)","2022 januari*","63","121","57",".","."
"27 Natuurlijke meststoffen en ruwe mi...","EU (exclusief Nederland)","2022 februari*","66","119","53",".","."
"27 Natuurlijke meststoffen en ruwe mi...","EU (exclusief Nederland)","2022 maart*","78","130","52",".","."
"27 Natuurlijke meststoffen en ruwe mi...","EU (exclusief Nederland)","2022 april*","72","131","59",".","."
"27 Natuurlijke meststoffen en ruwe mi...","Niet-EU","2021 mei","44","24","-19","32,9","16,1"
"27 Natuurlijke meststoffen en ruwe mi...","Niet-EU","2021 juni","37","25","-12","-1,1","50,4"
"27 Natuurlijke meststoffen en ruwe mi...","Niet-EU","2021 juli","35","26","-9","28,8","32,7"
"27 Natuurlijke meststoffen en ruwe mi...","Niet-EU","2021 augustus","42","27","-15","89,1","61,2"
"27 Natuurlijke meststoffen en ruwe mi...","Niet-EU","2021 september","31","27","-4","5,7","34,1"
"27 Natuurlijke meststoffen en ruwe mi...","Niet-EU","2021 oktober","26","23","-3","-31,3","8,2"
"27 Natuurlijke meststoffen en ruwe mi...","Niet-EU","2021 november","36","30","-6","2,2","36,0"
"27 Natuurlijke meststoffen en ruwe mi...","Niet-EU","2021 december","40","29","-11","57,6","17,4"
"27 Natuurlijke meststoffen en ruwe mi...","Niet-EU","2021","419","306","-114",".","."
"27 Natuurlijke meststoffen en ruwe mi...","Niet-EU","2022 januari*","34","23","-11",".","."
"27 Natuurlijke meststoffen en ruwe mi...","Niet-EU","2022 februari*","34","31","-3",".","."
"27 Natuurlijke meststoffen en ruwe mi...","Niet-EU","2022 maart*","55","29","-25",".","."
"27 Natuurlijke meststoffen en ruwe mi...","Niet-EU","2022 april*","54","27","-27",".","."
"28 Metaalertsen en metaalafvallen","Totaal landen","2021 mei","432","588","156","47,8","79,1"
"28 Metaalertsen en metaalafvallen","Totaal landen","2021 juni","581","706","125","96,0","104,5"
"28 Metaalertsen en metaalafvallen","Totaal landen","2021 juli","525","566","41","71,0","33,2"
"28 Metaalertsen en metaalafvallen","Totaal landen","2021 augustus","452","507","55","63,1","38,0"
"28 Metaalertsen en metaalafvallen","Totaal landen","2021 september","451","617","166","30,0","46,0"
"28 Metaalertsen en metaalafvallen","Totaal landen","2021 oktober","404","643","239","24,7","35,6"
"28 Metaalertsen en metaalafvallen","Totaal landen","2021 november","508","654","146","55,4","42,8"
"28 Metaalertsen en metaalafvallen","Totaal landen","2021 december","504","583","79","39,6","40,9"
"28 Metaalertsen en metaalafvallen","Totaal landen","2021","5.683","7.217","1.534","46,8","49,2"
"28 Metaalertsen en metaalafvallen","Totaal landen","2022 januari*","422","556","133",".","."
"28 Metaalertsen en metaalafvallen","Totaal landen","2022 februari*","465","603","138",".","."
"28 Metaalertsen en metaalafvallen","Totaal landen","2022 maart*","543","746","203",".","."
"28 Metaalertsen en metaalafvallen","Totaal landen","2022 april*","521","784","263",".","."
"28 Metaalertsen en metaalafvallen","EU (exclusief Nederland)","2021 mei","266","372","106","74,2","57,6"
"28 Metaalertsen en metaalafvallen","EU (exclusief Nederland)","2021 juni","311","396","85","80,7","71,1"
"28 Metaalertsen en metaalafvallen","EU (exclusief Nederland)","2021 juli","311","397","86","60,0","53,1"
"28 Metaalertsen en metaalafvallen","EU (exclusief Nederland)","2021 augustus","264","358","94","63,3","49,3"
"28 Metaalertsen en metaalafvallen","EU (exclusief Nederland)","2021 september","257","352","95","18,0","34,9"
"28 Metaalertsen en metaalafvallen","EU (exclusief Nederland)","2021 oktober","283","399","116","42,6","42,7"
"28 Metaalertsen en metaalafvallen","EU (exclusief Nederland)","2021 november","295","442","147","31,5","63,7"
"28 Metaalertsen en metaalafvallen","EU (exclusief Nederland)","2021 december","298","371","73","37,0","47,4"
"28 Metaalertsen en metaalafvallen","EU (exclusief Nederland)","2021","3.380","4.465","1.085",".","."
"28 Metaalertsen en metaalafvallen","EU (exclusief Nederland)","2022 januari*","270","367","97",".","."
"28 Metaalertsen en metaalafvallen","EU (exclusief Nederland)","2022 februari*","294","424","130",".","."
"28 Metaalertsen en metaalafvallen","EU (exclusief Nederland)","2022 maart*","329","485","156",".","."
"28 Metaalertsen en metaalafvallen","EU (exclusief Nederland)","2022 april*","329","544","215",".","."
"28 Metaalertsen en metaalafvallen","Niet-EU","2021 mei","166","216","50","18,8","134,1"
"28 Metaalertsen en metaalafvallen","Niet-EU","2021 juni","270","310","40","117,3","172,6"
"28 Metaalertsen en metaalafvallen","Niet-EU","2021 juli","213","169","-44","90,3","2,1"
"28 Metaalertsen en metaalafvallen","Niet-EU","2021 augustus","188","149","-39","62,7","16,7"
"28 Metaalertsen en metaalafvallen","Niet-EU","2021 september","194","265","71","50,1","64,1"
"28 Metaalertsen en metaalafvallen","Niet-EU","2021 oktober","121","245","123","-3,4","25,5"
"28 Metaalertsen en metaalafvallen","Niet-EU","2021 november","213","212","-1","107,8","12,8"
"28 Metaalertsen en metaalafvallen","Niet-EU","2021 december","206","212","6","43,6","30,9"
"28 Metaalertsen en metaalafvallen","Niet-EU","2021","2.303","2.753","449",".","."
"28 Metaalertsen en metaalafvallen","Niet-EU","2022 januari*","152","189","37",".","."
"28 Metaalertsen en metaalafvallen","Niet-EU","2022 februari*","171","179","8",".","."
"28 Metaalertsen en metaalafvallen","Niet-EU","2022 maart*","214","261","47",".","."
"28 Metaalertsen en metaalafvallen","Niet-EU","2022 april*","192","240","48",".","."
"29 Andere ruwe dierlijke en plantaard...","Totaal landen","2021 mei","383","1.441","1.057","18,5","24,2"
"29 Andere ruwe dierlijke en plantaard...","Totaal landen","2021 juni","321","1.112","791","-1,5","9,3"
"29 Andere ruwe dierlijke en plantaard...","Totaal landen","2021 juli","296","951","655","2,6","7,9"
"29 Andere ruwe dierlijke en plantaard...","Totaal landen","2021 augustus","307","1.074","768","20,4","24,2"
"29 Andere ruwe dierlijke en plantaard...","Totaal landen","2021 september","332","1.199","867","7,9","14,5"
"29 Andere ruwe dierlijke en plantaard...","Totaal landen","2021 oktober","330","1.100","769","6,6","8,3"
"29 Andere ruwe dierlijke en plantaard...","Totaal landen","2021 november","366","1.207","841","19,9","25,5"
"29 Andere ruwe dierlijke en plantaard...","Totaal landen","2021 december","364","1.148","784","20,1","10,9"
"29 Andere ruwe dierlijke en plantaard...","Totaal landen","2021","4.159","14.884","10.724","11,7","20,1"
"29 Andere ruwe dierlijke en plantaard...","Totaal landen","2022 januari*","316","1.134","818",".","."
"29 Andere ruwe dierlijke en plantaard...","Totaal landen","2022 februari*","363","1.479","1.116",".","."
"29 Andere ruwe dierlijke en plantaard...","Totaal landen","2022 maart*","397","1.582","1.185",".","."
"29 Andere ruwe dierlijke en plantaard...","Totaal landen","2022 april*","373","1.451","1.078",".","."
"29 Andere ruwe dierlijke en plantaard...","EU (exclusief Nederland)","2021 mei","187","1.026","840","9,1","29,8"
"29 Andere ruwe dierlijke en plantaard...","EU (exclusief Nederland)","2021 juni","157","740","584","9,2","8,2"
"29 Andere ruwe dierlijke en plantaard...","EU (exclusief Nederland)","2021 juli","129","612","483","4,3","9,1"
"29 Andere ruwe dierlijke en plantaard...","EU (exclusief Nederland)","2021 augustus","137","678","541","18,5","22,1"
"29 Andere ruwe dierlijke en plantaard...","EU (exclusief Nederland)","2021 september","156","757","601","11,0","12,6"
"29 Andere ruwe dierlijke en plantaard...","EU (exclusief Nederland)","2021 oktober","158","734","576","3,3","15,4"
"29 Andere ruwe dierlijke en plantaard...","EU (exclusief Nederland)","2021 november","181","768","587","6,7","29,2"
"29 Andere ruwe dierlijke en plantaard...","EU (exclusief Nederland)","2021 december","170","738","568","7,9","14,0"
"29 Andere ruwe dierlijke en plantaard...","EU (exclusief Nederland)","2021","2.016","9.852","7.835",".","."
"29 Andere ruwe dierlijke en plantaard...","EU (exclusief Nederland)","2022 januari*","141","760","619",".","."
"29 Andere ruwe dierlijke en plantaard...","EU (exclusief Nederland)","2022 februari*","155","1.004","849",".","."
"29 Andere ruwe dierlijke en plantaard...","EU (exclusief Nederland)","2022 maart*","183","1.090","907",".","."
"29 Andere ruwe dierlijke en plantaard...","EU (exclusief Nederland)","2022 april*","170","1.012","843",".","."
"29 Andere ruwe dierlijke en plantaard...","Niet-EU","2021 mei","197","414","218","29,2","12,2"
"29 Andere ruwe dierlijke en plantaard...","Niet-EU","2021 juni","164","372","208","-10,0","11,7"
"29 Andere ruwe dierlijke en plantaard...","Niet-EU","2021 juli","167","339","172","1,2","5,8"
"29 Andere ruwe dierlijke en plantaard...","Niet-EU","2021 augustus","169","396","227","21,9","28,0"
"29 Andere ruwe dierlijke en plantaard...","Niet-EU","2021 september","176","442","266","5,3","18,0"
"29 Andere ruwe dierlijke en plantaard...","Niet-EU","2021 oktober","172","366","193","9,8","-3,5"
"29 Andere ruwe dierlijke en plantaard...","Niet-EU","2021 november","184","438","254","36,4","19,4"
"29 Andere ruwe dierlijke en plantaard...","Niet-EU","2021 december","194","410","216","33,3","5,9"
"29 Andere ruwe dierlijke en plantaard...","Niet-EU","2021","2.143","5.032","2.889",".","."
"29 Andere ruwe dierlijke en plantaard...","Niet-EU","2022 januari*","175","374","199",".","."
"29 Andere ruwe dierlijke en plantaard...","Niet-EU","2022 februari*","208","475","267",".","."
"29 Andere ruwe dierlijke en plantaard...","Niet-EU","2022 maart*","214","492","278",".","."
"29 Andere ruwe dierlijke en plantaard...","Niet-EU","2022 april*","204","439","235",".","."
"Bron: CBS."